"Reference","Value","Footprint","Qty"
"AE1","AMCA72-2R470G-S1F-T4","SamacSys_Parts:AMCA722R470GS1FT4","1"
"C1","10μF","Capacitor_SMD:C_0805_2012Metric","1"
"C2","10μF","Capacitor_SMD:C_0805_2012Metric","1"
"C3","10μF","Capacitor_SMD:C_0603_1608Metric","1"
"C4","0.1μF","Capacitor_SMD:C_0402_1005Metric","1"
"C5","0.1μF","Capacitor_SMD:C_0402_1005Metric","1"
"C6","120pF","Capacitor_SMD:C_0402_1005Metric","1"
"C7","120pF","Capacitor_SMD:C_0402_1005Metric","1"
"C8","0.1μF","Capacitor_SMD:C_0402_1005Metric","1"
"C9","0.1μF","Capacitor_SMD:C_0402_1005Metric","1"
"C10","10μF","Capacitor_SMD:C_0603_1608Metric","1"
"C11","10μF","Capacitor_SMD:C_0603_1608Metric","1"
"C12","10μF","Capacitor_SMD:C_0603_1608Metric","1"
"C13","10μF","Capacitor_SMD:C_0603_1608Metric","1"
"C14","10μF","Capacitor_SMD:C_0603_1608Metric","1"
"C15","0.1μF","Capacitor_SMD:C_0402_1005Metric","1"
"C16","10pF","Capacitor_SMD:C_0402_1005Metric","1"
"C17","10pF","Capacitor_SMD:C_0402_1005Metric","1"
"C18","130pF","Capacitor_SMD:C_0402_1005Metric","1"
"C19","130pF","Capacitor_SMD:C_0402_1005Metric","1"
"C20","NFM18PC106D0J3L","SamacSys_Parts:NFM18PC106D0J3L","1"
"C21","0.1μF","Capacitor_SMD:C_0402_1005Metric","1"
"C22","0.1μF","Capacitor_SMD:C_0402_1005Metric","1"
"C23","5.6pF","Capacitor_SMD:C_0402_1005Metric","1"
"C24","47pF","Capacitor_SMD:C_0402_1005Metric","1"
"C25","47pF","Capacitor_SMD:C_0402_1005Metric","1"
"C26","47pF","Capacitor_SMD:C_0402_1005Metric","1"
"C27","15pF","Capacitor_SMD:C_0402_1005Metric","1"
"C28","15pF","Capacitor_SMD:C_0402_1005Metric","1"
"C29","15pF","Capacitor_SMD:C_0402_1005Metric","1"
"C30","0.1μF","Capacitor_SMD:C_0402_1005Metric","1"
"C31","0.1μF","Capacitor_SMD:C_0402_1005Metric","1"
"C32","0.1μF","Capacitor_SMD:C_0402_1005Metric","1"
"C33","0.1μF","Capacitor_SMD:C_0402_1005Metric","1"
"C34","0.1μF","Capacitor_SMD:C_0402_1005Metric","1"
"C35","0.1μF","Capacitor_SMD:C_0402_1005Metric","1"
"C36","47nF","Capacitor_SMD:C_0402_1005Metric","1"
"C37","NFM18PC106D0J3L","SamacSys_Parts:NFM18PC106D0J3L","1"
"C38","47nF","Capacitor_SMD:C_0402_1005Metric","1"
"C39","47nF","Capacitor_SMD:C_0402_1005Metric","1"
"C40","0.1μF","Capacitor_SMD:C_0402_1005Metric","1"
"C41","0.1μF","Capacitor_SMD:C_0402_1005Metric","1"
"C42","47nF","Capacitor_SMD:C_0402_1005Metric","1"
"C43","1nF","Capacitor_SMD:C_0402_1005Metric","1"
"C44","0.1μF","Capacitor_SMD:C_0402_1005Metric","1"
"C45","0.1μF","Capacitor_SMD:C_0402_1005Metric","1"
"C46","47nF","Capacitor_SMD:C_0402_1005Metric","1"
"C47","0.1μF","Capacitor_SMD:C_0402_1005Metric","1"
"C48","0.1μF","Capacitor_SMD:C_0402_1005Metric","1"
"C49","47nF","Capacitor_SMD:C_0402_1005Metric","1"
"C50","0.1μF","Capacitor_SMD:C_0402_1005Metric","1"
"C51","0.1μF","Capacitor_SMD:C_0402_1005Metric","1"
"C52","15pF","Capacitor_SMD:C_0402_1005Metric","1"
"C53","0.1μF","Capacitor_SMD:C_0402_1005Metric","1"
"C54","15pF","Capacitor_SMD:C_0402_1005Metric","1"
"C55","0.1μF","Capacitor_SMD:C_0402_1005Metric","1"
"C56","0.1μF","Capacitor_SMD:C_0402_1005Metric","1"
"C57","0.1μF","Capacitor_SMD:C_0402_1005Metric","1"
"C58","0.1μF","Capacitor_SMD:C_0402_1005Metric","1"
"C59","0.1μF","Capacitor_SMD:C_0402_1005Metric","1"
"C60","0.1μF","Capacitor_SMD:C_0402_1005Metric","1"
"C61","0.1μF","Capacitor_SMD:C_0402_1005Metric","1"
"C62","0.1μF","Capacitor_SMD:C_0402_1005Metric","1"
"C63","0.1μF","Capacitor_SMD:C_0402_1005Metric","1"
"C64","0.1μF","Capacitor_SMD:C_0402_1005Metric","1"
"C65","0.1μF","Capacitor_SMD:C_0402_1005Metric","1"
"FB1","BLM15BD221SN1D","Inductor_SMD:L_0402_1005Metric","1"
"FB2","BLM15BD221SN1D","Inductor_SMD:L_0402_1005Metric","1"
"FB3","BLM15BD221SN1D","Inductor_SMD:L_0402_1005Metric","1"
"IC1","TPS62825DMQR","SamacSys_Parts:TPS62825DMQT","1"
"IC2","TPS62825DMQR","SamacSys_Parts:TPS62825DMQT","1"
"IC3","74LVC2G17GW-Q100H","SamacSys_Parts:SOT65P210X110-6N","1"
"J1","61300211121","shinobi:61300211121","1"
"J2","217179-0001","shinobi:2171790001_MOL_650876","1"
"J3","61301011121","shinobi:61301011121","1"
"J4","61300711121","shinobi:61300711121_11687645","1"
"L1","470nH","Inductor_SMD:L_1008_2520Metric","1"
"L2","470nH","Inductor_SMD:L_1008_2520Metric","1"
"Q1","PUMH13-QF","Package_TO_SOT_SMD:SOT-363_SC-70-6","1"
"R1","5.1k","Resistor_SMD:R_0402_1005Metric","1"
"R2","5.1k","Resistor_SMD:R_0402_1005Metric","1"
"R3","316kΩ","Resistor_SMD:R_0402_1005Metric","1"
"R4","100kΩ","Resistor_SMD:R_0402_1005Metric","1"
"R5","150kΩ","Resistor_SMD:R_0402_1005Metric","1"
"R6","100kΩ","Resistor_SMD:R_0402_1005Metric","1"
"R7","33Ω","Resistor_SMD:R_0402_1005Metric","1"
"R8","33Ω","Resistor_SMD:R_0402_1005Metric","1"
"R9","75Ω","Resistor_SMD:R_0402_1005Metric","1"
"R10","75Ω","Resistor_SMD:R_0402_1005Metric","1"
"R11","75Ω","Resistor_SMD:R_0402_1005Metric","1"
"R12","150Ω","Resistor_SMD:R_0402_1005Metric","1"
"R13","3kΩ","Resistor_SMD:R_0402_1005Metric","1"
"R14","75Ω","Resistor_SMD:R_0402_1005Metric","1"
"R15","200Ω","Resistor_SMD:R_0402_1005Metric","1"
"R16","75Ω","Resistor_SMD:R_0402_1005Metric","1"
"R17","200Ω","Resistor_SMD:R_0402_1005Metric","1"
"R18","75Ω","Resistor_SMD:R_0402_1005Metric","1"
"R19","200Ω","Resistor_SMD:R_0402_1005Metric","1"
"R20","75Ω","Resistor_SMD:R_0402_1005Metric","1"
"R21","4.7kΩ","Resistor_SMD:R_0402_1005Metric","1"
"R22","1MΩ","Resistor_SMD:R_0402_1005Metric","1"
"RN1","EXB-28V123JX","Resistor_SMD:R_Array_Convex_4x0402","1"
"RN2","EXB-28V123JX","Resistor_SMD:R_Array_Convex_4x0402","1"
"U1","CH343P","Package_DFN_QFN:QFN-16-1EP_3x3mm_P0.5mm_EP1.7x1.7mm","1"
"U2","ESP8285","Package_DFN_QFN:QFN-32-1EP_5x5mm_P0.5mm_EP3.45x3.45mm","1"
"U3","SI5351A","Package_SO:MSOP-10_3x3mm_P0.5mm","1"
"U4","TV5725","shinobi:PQFP160_650876","1"
"U5","W9864G2JH-6","shinobi:WIN_TSOP-86_WIN_650876","1"
"Y1","ECS-260-7-36B-CKY-TR","SamacSys_Parts:Crystal_SMD_2520-4Pin_2.5x2.0mm","1"
"Y2","ECS-250-10-36B2-CTN-TR","SamacSys_Parts:Crystal_SMD_2520-4Pin_2.5x2.0mm","1"
"Y3","830108208409","SamacSys_Parts:Crystal_SMD_2520-4Pin_2.5x2.0mm","1"
